accession,snp_index,position,ref_base,alt_base,delta_pred
9984,16,1,T,G,0.2130413325699056
9997,384,106,C,G,0.20693013293365126
6923,386,212,T,A,0.1692163539701677
9382,226,145,A,G,0.16089221592370317
8312,386,212,T,A,0.15757948494557772
9450,168,145,G,A,0.15343967951379706
6907,386,212,T,A,0.15227716609444705
7248,394,77,C,G,0.1464388481943356
6019,386,212,T,A,0.14359492152186593
9855,168,145,G,A,0.1434525725354756
9849,226,145,A,C,0.14334472483728247
9539,168,145,G,A,0.14268049022266172
6105,168,145,G,A,0.14045463645185097
9470,168,145,G,A,0.1397527567898323
430,168,145,G,A,0.1392699576699633
9914,168,145,G,A,0.13902207880412165
8422,168,144,G,A,0.1389141317946665
6021,168,145,G,A,0.1384955875440379
9719,310,297,C,A,0.13843994284417638
9755,168,145,G,A,0.13841537688178907
410,168,145,G,A,0.136921827115686
6924,168,145,G,A,0.13672241707445393
7378,168,145,G,A,0.1364045869428604
6091,168,145,G,A,0.13626553013711262
7162,168,145,G,A,0.13561681668278638
9877,168,145,G,A,0.13468987870243745
9918,168,145,G,A,0.13461676623637683
8343,168,145,G,A,0.1346040100630021
9381,168,145,G,A,0.13426412255855924
6008,386,212,T,A,0.13420968926624344
6166,168,145,G,A,0.1334515686915394
9451,168,145,G,A,0.1332105134513984
5776,168,145,G,A,0.1330551211493256
1797,168,145,G,A,0.13305512114932538
15591,168,145,G,A,0.13305512114932516
14312,168,145,G,A,0.13305512114932516
546,168,145,G,A,0.13305512114932516
2017,168,145,G,A,0.13305512114932516
544,168,145,G,A,0.13305512114932516
1793,168,145,G,A,0.13305512114932516
2412,168,145,G,A,0.13305512114932516
6908,168,145,G,A,0.13305512114932513
14313,168,145,G,A,0.1330551211493251
2081,168,145,G,A,0.13305512114932505
9399,168,145,G,A,0.13305512114932494
2370,168,145,G,A,0.13305512114932483
9452,168,145,G,A,0.13305512114932483
9517,168,145,G,A,0.13296166114829616
9810,168,145,G,A,0.13274830334043547
7000,168,145,G,A,0.13264630775303843
6904,168,145,G,A,0.1325476274560069
6020,168,145,G,A,0.13249966106289812
6022,168,145,G,A,0.132499661062898
8264,168,145,G,A,0.1324561285294446
9847,168,145,G,A,0.13241005509295928
6967,168,145,G,A,0.13213539997071827
7307,168,145,G,A,0.13209687280118215
9542,168,145,G,A,0.13209687280118187
9875,394,77,C,G,0.13197343806287942
6971,168,145,G,A,0.13195401486741276
6943,168,145,G,A,0.13189791572436282
10022,168,145,G,A,0.13131705533132976
9806,168,145,G,A,0.13110252824066235
9722,168,145,G,A,0.1309009743859947
7280,168,145,G,A,0.1305660902444682
9870,168,145,G,A,0.1303857293497822
2091,394,77,C,G,0.13021181629879985
9529,168,145,G,A,0.13011924968597952
9795,168,145,G,A,0.1297631517879566
7071,168,145,G,A,0.12958718071785502
9383,168,145,G,A,0.12934810470420766
6944,168,145,G,A,0.12890023450080557
6244,168,145,G,A,0.12886358266503373
9612,394,77,C,G,0.12795520504745314
6163,168,145,G,A,0.12677369458827314
9764,168,145,G,A,0.1267736945882728
6214,168,145,G,A,0.1267736945882727
9638,168,145,G,A,0.1266606336778795
8240,168,145,G,A,0.12639503029377752
9633,168,145,G,A,0.12601464506965201
9846,386,212,T,A,0.12537487546020504
2016,168,145,G,A,0.1253684119479715
9874,168,145,G,A,0.1251796779360757
9867,386,212,T,A,0.12491461570340046
6961,168,145,G,A,0.12456013186572801
763,386,212,T,A,0.12383073106530756
6909,168,145,G,A,0.12363590484479403
9629,51,498,C,G,0.12355574795715123
9835,168,145,G,A,0.12322930396363418
351,168,145,G,A,0.12312012609540218
7158,168,145,G,A,0.12247630112361285
5772,168,145,G,A,0.12195124707059288
6173,386,212,T,A,0.12167193862662562
9639,168,145,G,A,0.12079059802708825
9903,386,212,T,A,0.12012311511466683
6192,168,147,G,A,0.11966790327375616
8235,168,145,G,A,0.11829017193649538
6193,386,212,T,A,0.11670809040013397
9943,168,145,G,A,0.11086239930170305
9775,49,255,G,C,0.10787828102458685
7424,51,498,C,G,0.10747771834214193
7013,386,212,T,A,0.1067488359514
6966,49,255,G,C,0.10556538659177217
9848,168,145,G,A,0.10270306249312056
350,386,212,T,A,0.10199937008314816
9528,51,498,C,G,0.10112332934256085
5784,485,48,C,A,0.092647066820841
9983,485,46,T,C,0.08952379651684994
9946,386,212,T,G,0.08788598977516027
6970,299,272,T,C,0.08553093460587297
