accession,step,snp_index,position,ref_base,alt_base,original_single_delta,step_delta,cumulative_delta,prediction_after_step
10022,1,168,145,G,A,0.13131705533132998,0.13131705533132998,0.13131705533132998,0.5947321959713624
14312,1,168,145,G,A,0.13305512114932516,0.13305512114932516,0.13305512114932516,-0.34881230626465515
14313,1,168,145,G,A,0.1330551211493251,0.1330551211493251,0.1330551211493251,-0.09149412602659023
15591,1,168,145,G,A,0.13305512114932522,0.13305512114932522,0.13305512114932522,0.4178276747142089
1793,1,168,145,G,A,0.13305512114932538,0.13305512114932538,0.13305512114932538,1.1595684307751895
1797,1,168,145,G,A,0.13305512114932538,0.13305512114932538,0.13305512114932538,1.0298909807358743
2016,1,168,145,G,A,0.1253684119479715,0.1253684119479715,0.1253684119479715,-0.07914516035493664
2017,1,168,145,G,A,0.13305512114932516,0.13305512114932516,0.13305512114932516,1.05989216034155
2081,1,168,145,G,A,0.13305512114932516,0.13305512114932516,0.13305512114932516,0.8778952495045279
2091,1,394,77,C,G,0.13021181629879985,0.13021181629879985,0.13021181629879985,1.0742755827348143
2370,1,168,145,G,A,0.13305512114932483,0.13305512114932483,0.13305512114932483,1.0265402920402096
2412,1,168,145,G,A,0.13305512114932538,0.13305512114932538,0.13305512114932538,1.1472873235928336
350,1,386,212,T,A,0.10199937008314819,0.10199937008314819,0.10199937008314819,-0.24797697739007374
351,1,168,145,G,A,0.1231201260954023,0.1231201260954023,0.1231201260954023,0.046806951664608715
410,1,168,145,G,A,0.13692182711568593,0.13692182711568593,0.13692182711568593,-0.1494632732215446
430,1,168,145,G,A,0.13926995766996336,0.13926995766996336,0.13926995766996336,-0.05772369119537475
544,1,168,145,G,A,0.13305512114932516,0.13305512114932516,0.13305512114932516,0.9555120415251731
546,1,168,145,G,A,0.13305512114932516,0.13305512114932516,0.13305512114932516,1.0463307888476585
5772,1,168,145,G,A,0.12195124707059288,0.12195124707059288,0.12195124707059288,-0.236176304033085
5776,1,168,145,G,A,0.1330551211493256,0.1330551211493256,0.1330551211493256,-1.1614868037655968
5784,1,485,48,C,A,0.09264706682084078,0.09264706682084078,0.09264706682084078,-0.5476895674614158
6008,1,386,212,T,A,0.13420968926624344,0.13420968926624344,0.13420968926624344,-0.6146136769517493
6019,1,386,212,T,A,0.14359492152186593,0.14359492152186593,0.14359492152186593,-1.0473669604118705
6020,1,168,145,G,A,0.13249966106289807,0.13249966106289807,0.13249966106289807,-0.27280910354179877
6021,1,168,145,G,A,0.1384955875440379,0.1384955875440379,0.1384955875440379,-0.7471269945956238
6022,1,168,145,G,A,0.132499661062898,0.132499661062898,0.132499661062898,-0.9040522305798123
6091,1,168,145,G,A,0.1362655301371125,0.1362655301371125,0.1362655301371125,-0.6602128608529609
6105,1,168,145,G,A,0.14045463645185097,0.14045463645185097,0.14045463645185097,-0.7621356823333155
6163,1,168,145,G,A,0.12677369458827292,0.12677369458827292,0.12677369458827292,-1.279529998339661
6166,1,168,145,G,A,0.1334515686915394,0.1334515686915394,0.1334515686915394,-1.059691326248977
6173,1,386,212,T,A,0.12167193862662562,0.12167193862662562,0.12167193862662562,-1.3781691532619647
6192,1,168,147,G,A,0.11966790327375622,0.11966790327375622,0.11966790327375622,-0.1035369373491238
6193,1,386,212,T,A,0.11670809040013397,0.11670809040013397,0.11670809040013397,-0.9473099080366373
6214,1,168,145,G,A,0.1267736945882727,0.1267736945882727,0.1267736945882727,-1.2347457969830875
6244,1,168,145,G,A,0.12886358266503373,0.12886358266503373,0.12886358266503373,-1.0063010788116549
6904,1,168,145,G,A,0.132547627456007,0.132547627456007,0.132547627456007,0.7354220465180049
6907,1,386,212,T,A,0.15227716609444705,0.15227716609444705,0.15227716609444705,-0.02710097164640446
6908,1,168,145,G,A,0.1330551211493251,0.1330551211493251,0.1330551211493251,0.10562837561038463
6909,1,168,145,G,A,0.12363590484479414,0.12363590484479414,0.12363590484479414,-0.6639946818210367
6923,1,386,212,T,A,0.1692163539701677,0.1692163539701677,0.1692163539701677,-0.39341747993302606
6924,1,168,145,G,A,0.136722417074454,0.136722417074454,0.136722417074454,-0.24719207789242528
6943,1,168,145,G,A,0.13189791572436282,0.13189791572436282,0.13189791572436282,-0.66610024071185
6944,1,168,145,G,A,0.12890023450080557,0.12890023450080557,0.12890023450080557,-0.6006286180583688
6961,1,168,145,G,A,0.12456013186572779,0.12456013186572779,0.12456013186572779,0.9965478261875004
6966,1,49,255,G,C,0.10556538659177223,0.10556538659177223,0.10556538659177223,-0.4847875205480276
6967,1,168,145,G,A,0.13213539997071821,0.13213539997071821,0.13213539997071821,-0.4606920136542473
6970,1,299,272,T,C,0.08553093460587285,0.08553093460587285,0.08553093460587285,0.18302631375579717
6971,1,168,145,G,A,0.13195401486741265,0.13195401486741265,0.13195401486741265,0.9652365775972103
7000,1,168,145,G,A,0.13264630775303854,0.13264630775303854,0.13264630775303854,-0.3848674223441041
7013,1,386,212,T,A,0.10674883595139989,0.10674883595139989,0.10674883595139989,-0.2952844243763166
7071,1,168,145,G,A,0.12958718071785513,0.12958718071785513,0.12958718071785513,-0.6808514433551057
7158,1,168,145,G,A,0.1224763011236128,0.1224763011236128,0.1224763011236128,0.42046274674351863
7162,1,168,145,G,A,0.13561681668278638,0.13561681668278638,0.13561681668278638,-0.17800423602867352
7248,1,394,77,C,G,0.14643884819433572,0.14643884819433572,0.14643884819433572,0.6594825581925954
7280,1,168,145,G,A,0.13056609024446808,0.13056609024446808,0.13056609024446808,-0.8126405812761748
7307,1,168,145,G,A,0.13209687280118218,0.13209687280118218,0.13209687280118218,-0.15475989294676465
7378,1,168,145,G,A,0.13640458694286028,0.13640458694286028,0.13640458694286028,-0.7353234361814832
7424,1,51,498,C,G,0.10747771834214193,0.10747771834214193,0.10747771834214193,0.24352423547453214
763,1,386,212,T,A,0.12383073106530762,0.12383073106530762,0.12383073106530762,-0.47697869954689553
8235,1,168,145,G,A,0.11829017193649544,0.11829017193649544,0.11829017193649544,0.2517211327423871
8240,1,168,145,G,A,0.12639503029377758,0.12639503029377758,0.12639503029377758,-0.4489288382843189
8264,1,168,145,G,A,0.13245612852944472,0.13245612852944472,0.13245612852944472,0.5974795095344178
8312,1,386,212,T,A,0.15757948494557794,0.15757948494557794,0.15757948494557794,-0.39680412914634566
8343,1,168,145,G,A,0.134604010063002,0.134604010063002,0.134604010063002,-0.37792133864881333
8422,1,168,144,G,A,0.13891413179466638,0.13891413179466638,0.13891413179466638,-0.6194198284101577
9381,1,168,145,G,A,0.13426412255855913,0.13426412255855913,0.13426412255855913,-0.8032399746845419
9382,1,226,145,A,G,0.16089221592370317,0.16089221592370317,0.16089221592370317,-1.0723984365655104
9383,1,168,145,G,A,0.12934810470420766,0.12934810470420766,0.12934810470420766,-0.604767791064736
9399,1,168,145,G,A,0.13305512114932483,0.13305512114932483,0.13305512114932483,-0.7991755570515631
9450,1,168,145,G,A,0.15343967951379694,0.15343967951379694,0.15343967951379694,-0.04626795161932071
9451,1,168,145,G,A,0.1332105134513984,0.1332105134513984,0.1332105134513984,-0.49220264836885436
9452,1,168,145,G,A,0.13305512114932483,0.13305512114932483,0.13305512114932483,-0.5883315887318553
9470,1,168,145,G,A,0.13975275678983223,0.13975275678983223,0.13975275678983223,-0.4037064228518903
9517,1,168,145,G,A,0.13296166114829616,0.13296166114829616,0.13296166114829616,0.4439633039686202
9528,1,51,498,C,G,0.10112332934256063,0.10112332934256063,0.10112332934256063,0.7155531974962471
9529,1,168,145,G,A,0.13011924968597952,0.13011924968597952,0.13011924968597952,0.3728844239823132
9539,1,168,145,G,A,0.1426804902226615,0.1426804902226615,0.1426804902226615,1.1942949899742237
9542,1,168,145,G,A,0.13209687280118199,0.13209687280118199,0.13209687280118199,0.9785531971468321
9612,1,394,77,C,G,0.12795520504745309,0.12795520504745309,0.12795520504745309,0.37205408303604015
9629,1,51,498,C,G,0.12355574795715134,0.12355574795715134,0.12355574795715134,0.1190646222668574
9633,1,168,145,G,A,0.12601464506965201,0.12601464506965201,0.12601464506965201,0.2971037488775082
9638,1,168,145,G,A,0.12666063367787928,0.12666063367787928,0.12666063367787928,0.42560592274870557
9639,1,168,145,G,A,0.12079059802708825,0.12079059802708825,0.12079059802708825,0.9022127806318009
9719,1,310,297,C,A,0.13843994284417627,0.13843994284417627,0.13843994284417627,0.6718572701174752
9722,1,168,145,G,A,0.1309009743859947,0.1309009743859947,0.1309009743859947,0.2754812963726299
9755,1,168,145,G,A,0.13841537688178907,0.13841537688178907,0.13841537688178907,0.7700831061346362
9764,1,168,145,G,A,0.12677369458827292,0.12677369458827292,0.12677369458827292,0.534368798950248
9775,1,49,255,G,C,0.10787828102458674,0.10787828102458674,0.10787828102458674,-0.8767704281995453
9795,1,168,145,G,A,0.1297631517879566,0.1297631517879566,0.1297631517879566,-0.37433164959639187
9806,1,168,145,G,A,0.13110252824066232,0.13110252824066232,0.13110252824066232,-0.17297758811235742
9810,1,168,145,G,A,0.13274830334043553,0.13274830334043553,0.13274830334043553,0.13786779362827542
9835,1,168,145,G,A,0.12322930396363418,0.12322930396363418,0.12322930396363418,1.0044345414675842
9846,1,386,212,T,A,0.12537487546020515,0.12537487546020515,0.12537487546020515,0.5636834447491412
9847,1,168,145,G,A,0.13241005509295933,0.13241005509295933,0.13241005509295933,-0.2555533009406333
9848,1,168,145,G,A,0.10270306249312056,0.10270306249312056,0.10270306249312056,0.8255928660703193
9849,1,226,145,A,C,0.1433447248372825,0.1433447248372825,0.1433447248372825,0.23717244929374304
9855,1,168,145,G,A,0.1434525725354756,0.1434525725354756,0.1434525725354756,1.2029261409883003
9867,1,386,212,T,A,0.12491461570340046,0.12491461570340046,0.12491461570340046,0.8422913387512204
9870,1,168,145,G,A,0.1303857293497822,0.1303857293497822,0.1303857293497822,0.6567220460534274
9874,1,168,145,G,A,0.1251796779360757,0.1251796779360757,0.1251796779360757,0.5211490526591724
9875,1,394,77,C,G,0.13197343806287942,0.13197343806287942,0.13197343806287942,-0.5951798927325032
9877,1,168,145,G,A,0.13468987870243743,0.13468987870243743,0.13468987870243743,0.22592884687851847
9903,1,386,212,T,A,0.12012311511466689,0.12012311511466689,0.12012311511466689,0.3870645223568171
9914,1,168,145,G,A,0.13902207880412165,0.13902207880412165,0.13902207880412165,1.3130575538487208
9918,1,168,145,G,A,0.1346167662363769,0.1346167662363769,0.1346167662363769,0.2717009484807898
9943,1,168,145,G,A,0.11086239930170261,0.11086239930170261,0.11086239930170261,1.4195774973434938
9946,1,386,212,T,G,0.08788598977516027,0.08788598977516027,0.08788598977516027,1.4269723437483657
9983,1,485,46,T,C,0.08952379651684994,0.08952379651684994,0.08952379651684994,0.42423253018074736
9984,1,16,1,T,G,0.2130413325699056,0.2130413325699056,0.2130413325699056,0.6455203064009866
9997,1,384,106,C,G,0.20693013293365126,0.20693013293365126,0.20693013293365126,0.5404777873818954
